User Interface Language Code Identifier|20% - Accent1|20% - Accent2|20% - Accent3|20% - Accent4|20% - Accent5|20% - Accent6|40% - Accent1|40% - Accent2|40% - Accent3|40% - Accent4|40% - Accent5|40% - Accent6|60% - Accent1|60% - Accent2|60% - Accent3|60% - Accent4|60% - Accent5|60% - Accent6|Accent1|Accent2|Accent3|Accent4|Accent5|Accent6|Bad|Calculation|Check Cell|Comma|Comma [0]|Currency|Currency [0]|Explanatory Text|Good|Heading 1|Heading 2|Heading 3|Heading 4|Input|Linked Cell|Neutral|Normal|Note|Output|Percent|Title|Total|Warning Text
1025|20% - تمييز1|20% - تمييز2|20% - تمييز3|20% - تمييز4|20% - تمييز5|20% - تمييز6|40% - تمييز1|40% - تمييز2|40% - تمييز3|40% - تمييز4|40% - تمييز5|40% - تمييز6|60% - تمييز1|60% - تمييز2|60% - تمييز3|60% - تمييز4|60% - تمييز5|60% - تمييز6|تمييز1|تمييز2|تمييز3|تمييز4|تمييز5|تمييز6|سيئ|حساب|خلية تدقيق|Comma|Comma [0]|Currency|Currency [0]|نص توضيحي|جيد|عنوان 1|عنوان 2|عنوان 3|عنوان 4|إدخال|خلية مرتبطة|محايد|عادي|ملاحظة|إخراج|Percent|عنوان|الإجمالي|نص تحذير
1026|20% - Акцент1|20% - Акцент2|20% - Акцент3|20% - Акцент4|20% - Акцент5|20% - Акцент6|40% - Акцент1|40% - Акцент2|40% - Акцент3|40% - Акцент4|40% - Акцент5|40% - Акцент6|60% - Акцент1|60% - Акцент2|60% - Акцент3|60% - Акцент4|60% - Акцент5|60% - Акцент6|Акцент1|Акцент2|Акцент3|Акцент4|Акцент5|Акцент6|Лош|Изчисление|Контролна клетка|Запетая|Запетая [0]|Валута|Валута [0]|Обяснителен текст|Добър|Заглавие 1|Заглавие 2|Заглавие 3|Заглавие 4|Вход|Свързана клетка|Неутрален|Нормален|Бележка|Изход|Процент|Заглавие|Сума|Предупредителен текст
1027|20% - Èmfasi1|20% - Èmfasi2|20% - Èmfasi3|20% - Èmfasi4|20% - Èmfasi5|20% - Èmfasi6|40% - Èmfasi1|40% - Èmfasi2|40% - Èmfasi3|40% - Èmfasi4|40% - Èmfasi5|40% - Èmfasi6|60% - Èmfasi1|60% - Èmfasi2|60% - Èmfasi3|60% - Èmfasi4|60% - Èmfasi5|60% - Èmfasi6|Èmfasi1|Èmfasi2|Èmfasi3|Èmfasi4|Èmfasi5|Èmfasi6|Incorrecte|Càlcul|Cel·la de comprovació|Coma|Milers [0]|Moneda|Moneda [0]|Text explicatiu|Bé|Títol 1|Títol 2|Títol 3|Títol 4|Entrada|Cel·la enllaçada|Neutral|Normal|Nota|Resultat|Percentatge|Títol|Total|Text d'advertiment
1028|20% - 輔色1|20% - 輔色2|20% - 輔色3|20% - 輔色4|20% - 輔色5|20% - 輔色6|40% - 輔色1|40% - 輔色2|40% - 輔色3|40% - 輔色4|40% - 輔色5|40% - 輔色6|60% - 輔色1|60% - 輔色2|60% - 輔色3|60% - 輔色4|60% - 輔色5|60% - 輔色6|輔色1|輔色2|輔色3|輔色4|輔色5|輔色6|壞|計算方式|檢查儲存格|千分位|千分位[0]|貨幣|貨幣 [0]|說明文字|好|標題 1|標題 2|標題 3|標題 4|輸入|連結的儲存格|中等|一般|備註|輸出|百分比|標題|合計|警告文字
1029|20 % – Zvýraznění 1|20 % – Zvýraznění 2|20 % – Zvýraznění 3|20 % – Zvýraznění 4|20 % – Zvýraznění 5|20 % – Zvýraznění 6|40 % – Zvýraznění 1|40 % – Zvýraznění 2|40 % – Zvýraznění 3|40 % – Zvýraznění 4|40 % – Zvýraznění 5|40 % – Zvýraznění 6|60 % – Zvýraznění 1|60 % – Zvýraznění 2|60 % – Zvýraznění 3|60 % – Zvýraznění 4|60 % – Zvýraznění 5|60 % – Zvýraznění 6|Zvýraznění 1|Zvýraznění 2|Zvýraznění 3|Zvýraznění 4|Zvýraznění 5|Zvýraznění 6|Špatně|Výpočet|Kontrolní buňka|Čárka|Čárky bez des. míst|Měna|Měny bez des. míst|Vysvětlující text|Správně|Nadpis 1|Nadpis 2|Nadpis 3|Nadpis 4|Vstup|Propojená buňka|Neutrální|Normální|Poznámka|Výstup|Procenta|Název|Celkem|Text upozornění
1030|20 % - Farve1|20 % - Farve2|20 % - Farve3|20 % - Farve4|20 % - Farve5|20 % - Farve6|40 % - Farve1|40 % - Farve2|40 % - Farve3|40 % - Farve4|40 % - Farve5|40 % - Farve6|60 % - Farve1|60 % - Farve2|60 % - Farve3|60 % - Farve4|60 % - Farve5|60 % - Farve6|Farve1|Farve2|Farve3|Farve4|Farve5|Farve6|Ugyldig|Beregning|Kontrollér celle|Komma|Komma [0]|Valuta|Valuta [0]|Forklarende tekst|God|Overskrift 1|Overskrift 2|Overskrift 3|Overskrift 4|Input|Sammenkædet celle|Neutral|Normal|Bemærk!|Output|Procent|Titel|Total|Advarselstekst
1031|20 % - Akzent1|20 % - Akzent2|20 % - Akzent3|20 % - Akzent4|20 % - Akzent5|20 % - Akzent6|40 % - Akzent1|40 % - Akzent2|40 % - Akzent3|40 % - Akzent4|40 % - Akzent5|40 % - Akzent6|60 % - Akzent1|60 % - Akzent2|60 % - Akzent3|60 % - Akzent4|60 % - Akzent5|60 % - Akzent6|Akzent1|Akzent2|Akzent3|Akzent4|Akzent5|Akzent6|Schlecht|Berechnung|Zelle überprüfen|Komma|Dezimal [0]|Währung|Währung [0]|Erklärender Text|Gut|Überschrift 1|Überschrift 2|Überschrift 3|Überschrift 4|Eingabe|Verknüpfte Zelle|Neutral|Standard|Notiz|Ausgabe|Prozent|Überschrift|Ergebnis|Warnender Text
1032|20% - Έμφαση1|20% - Έμφαση2|20% - Έμφαση3|20% - Έμφαση4|20% - Έμφαση5|20% - Έμφαση6|40% - Έμφαση1|40% - Έμφαση2|40% - Έμφαση3|40% - Έμφαση4|40% - Έμφαση5|40% - Έμφαση6|60% - Έμφαση1|60% - Έμφαση2|60% - Έμφαση3|60% - Έμφαση4|60% - Έμφαση5|60% - Έμφαση6|Έμφαση1|Έμφαση2|Έμφαση3|Έμφαση4|Έμφαση5|Έμφαση6|Κακό|Υπολογισμός|Έλεγχος κελιού|Κόμμα|Κόμμα [0]|Νομισματική μονάδα|Νόμισμα [0]|Επεξηγηματικό κείμενο|Καλό|Επικεφαλίδα 1|Επικεφαλίδα 2|Επικεφαλίδα 3|Επικεφαλίδα 4|Εισαγωγή|Συνδεδεμένο κελί|Ουδέτερο|Κανονικό|Σημείωση|Έξοδος|Ποσοστό|Τίτλος|Σύνολο|Προειδοποιητικό κείμενο
1033|20% - Accent1|20% - Accent2|20% - Accent3|20% - Accent4|20% - Accent5|20% - Accent6|40% - Accent1|40% - Accent2|40% - Accent3|40% - Accent4|40% - Accent5|40% - Accent6|60% - Accent1|60% - Accent2|60% - Accent3|60% - Accent4|60% - Accent5|60% - Accent6|Accent1|Accent2|Accent3|Accent4|Accent5|Accent6|Bad|Calculation|Check Cell|Comma|Comma [0]|Currency|Currency [0]|Explanatory Text|Good|Heading 1|Heading 2|Heading 3|Heading 4|Input|Linked Cell|Neutral|Normal|Note|Output|Percent|Title|Total|Warning Text
1035|20 % - Aksentti1|20 % - Aksentti2|20 % - Aksentti3|20 % - Aksentti4|20 % - Aksentti5|20 % - Aksentti6|40 % - Aksentti1|40 % - Aksentti2|40 % - Aksentti3|40 % - Aksentti4|40 % - Aksentti5|40 % - Aksentti6|60 % - Aksentti1|60 % - Aksentti2|60 % - Aksentti3|60 % - Aksentti4|60 % - Aksentti5|60 % - Aksentti6|Aksentti1|Aksentti2|Aksentti3|Aksentti4|Aksentti5|Aksentti6|Huono|Laskenta|Tarkistussolu|Pilkku|Pilkku [0]|Valuutta|Valuutta [0]|Selittävä teksti|Hyvä|Otsikko 1|Otsikko 2|Otsikko 3|Otsikko 4|Syöttö|Linkitetty solu|Neutraali|Normaali|Huomautus|Tulostus|Prosenttia|Otsikko|Summa|Varoitusteksti
1036|20 % - Accent1|20 % - Accent2|20 % - Accent3|20 % - Accent4|20 % - Accent5|20 % - Accent6|40 % - Accent1|40 % - Accent2|40 % - Accent3|40 % - Accent4|40 % - Accent5|40 % - Accent6|60 % - Accent1|60 % - Accent2|60 % - Accent3|60 % - Accent4|60 % - Accent5|60 % - Accent6|Accent1|Accent2|Accent3|Accent4|Accent5|Accent6|Insatisfaisant|Calcul|Vérification|Milliers|Milliers [0]|Monétaire|Monétaire [0]|Texte explicatif|Satisfaisant|Titre 1|Titre 2|Titre 3|Titre 4|Entrée|Cellule liée|Neutre|Normal|Note|Sortie|Pourcentage|Titre|Total|Avertissement
1037|20% - הדגשה1|20% - הדגשה2|20% - הדגשה3|20% - הדגשה4|20% - הדגשה5|20% - הדגשה6|40% - הדגשה1|40% - הדגשה2|40% - הדגשה3|40% - הדגשה4|40% - הדגשה5|40% - הדגשה6|60% - הדגשה1|60% - הדגשה2|60% - הדגשה3|60% - הדגשה4|60% - הדגשה5|60% - הדגשה6|הדגשה1|הדגשה2|הדגשה3|הדגשה4|הדגשה5|הדגשה6|רע|חישוב|תא מסומן|Comma|פסיק [0]|Currency|מטבע [0]|טקסט הסברי|טוב|כותרת 1|כותרת 2|כותרת 3|כותרת 4|קלט|תא מקושר|ניטראלי|Normal|הערה|פלט|Percent|כותרת|סה"כ|טקסט אזהרה
1038|20% - 1. jelölőszín|20% - 2. jelölőszín|20% - 3. jelölőszín|20% - 4. jelölőszín|20% - 5. jelölőszín|20% - 6. jelölőszín|40% - 1. jelölőszín|40% - 2. jelölőszín|40% - 3. jelölőszín|40% - 4. jelölőszín|40% - 5. jelölőszín|40% - 6. jelölőszín|60% - 1. jelölőszín|60% - 2. jelölőszín|60% - 3. jelölőszín|60% - 4. jelölőszín|60% - 5. jelölőszín|60% - 6. jelölőszín|Jelölőszín 1|Jelölőszín 2|Jelölőszín 3|Jelölőszín 4|Jelölőszín 5|Jelölőszín 6|Rossz|Számítás|Ellenőrzőcella|Ezres|Ezres [0]|Pénznem|Pénznem [0]|Magyarázó szöveg|Jó|Címsor 1|Címsor 2|Címsor 3|Címsor 4|Bevitel|Hivatkozott cella|Semleges|Normál|Jegyzet|Kimenet|Százalék|Cím|Összesen|Figyelmeztetés
1039|20% - Áhersla1|20% - Áhersla2|20% - Áhersla3|20% - Áhersla4|20% - Áhersla5|20% - Áhersla6|40% - Áhersla1|40% - Áhersla2|40% - Áhersla3|40% - Áhersla4|40% - Áhersla5|40% - Áhersla6|60% - Áhersla1|60% - Áhersla2|60% - Áhersla3|60% - Áhersla4|60% - Áhersla5|60% - Áhersla6|Áhersla1|Áhersla2|Áhersla3|Áhersla4|Áhersla5|Áhersla6|Rangt|Útreikningur|Athuga hólf|Þúsundaskiltákn|Þúsundaskiltákn [0]|Gjaldmiðill|Gjaldmiðill [0]|Skýringartexti|Gott|Fyrirsögn 1|Fyrirsögn 2|Fyrirsögn 3|Fyrirsögn 4|Inntak|Tengt hólf|Hlutlaust|Venjulegt|Minnismiði|Úttak|Prósent|Titill|Alls|Viðvörunartexti
1040|20% - Colore 1|20% - Colore 2|20% - Colore 3|20% - Colore 4|20% - Colore 5|20% - Colore 6|40% - Colore 1|40% - Colore 2|40% - Colore 3|40% - Colore 4|40% - Colore 5|40% - Colore 6|60% - Colore 1|60% - Colore 2|60% - Colore 3|60% - Colore 4|60% - Colore 5|60% - Colore 6|Colore 1|Colore 2|Colore 3|Colore 4|Colore 5|Colore 6|Valore non valido|Calcolo|Cella da controllare|Migliaia|Migliaia [0]|Valuta|Valuta [0]|Testo descrittivo|Valore valido|Titolo 1|Titolo 2|Titolo 3|Titolo 4|Input|Cella collegata|Neutrale|Normale|Nota|Output|Percentuale|Titolo|Totale|Testo avviso
1041|20% - アクセント 1|20% - アクセント 2|20% - アクセント 3|20% - アクセント 4|20% - アクセント 5|20% - アクセント 6|40% - アクセント 1|40% - アクセント 2|40% - アクセント 3|40% - アクセント 4|40% - アクセント 5|40% - アクセント 6|60% - アクセント 1|60% - アクセント 2|60% - アクセント 3|60% - アクセント 4|60% - アクセント 5|60% - アクセント 6|アクセント 1|アクセント 2|アクセント 3|アクセント 4|アクセント 5|アクセント 6|悪い|計算|チェック セル|桁区切り [0.00]|桁区切り|通貨 [0.00]|通貨|説明文|良い|見出し 1|見出し 2|見出し 3|見出し 4|入力|リンク セル|どちらでもない|標準|メモ|出力|パーセント|タイトル|集計|警告文
1042|20% - 강조색1|20% - 강조색2|20% - 강조색3|20% - 강조색4|20% - 강조색5|20% - 강조색6|40% - 강조색1|40% - 강조색2|40% - 강조색3|40% - 강조색4|40% - 강조색5|40% - 강조색6|60% - 강조색1|60% - 강조색2|60% - 강조색3|60% - 강조색4|60% - 강조색5|60% - 강조색6|강조색1|강조색2|강조색3|강조색4|강조색5|강조색6|나쁨|계산|셀 확인|쉼표|쉼표 [0]|통화|통화 [0]|설명 텍스트|좋음|제목 1|제목 2|제목 3|제목 4|입력|연결된 셀|보통|표준|메모|출력|백분율|제목|요약|경고문
1043|20% - Accent1|20% - Accent2|20% - Accent3|20% - Accent4|20% - Accent5|20% - Accent6|40% - Accent1|40% - Accent2|40% - Accent3|40% - Accent4|40% - Accent5|40% - Accent6|60% - Accent1|60% - Accent2|60% - Accent3|60% - Accent4|60% - Accent5|60% - Accent6|Accent1|Accent2|Accent3|Accent4|Accent5|Accent6|Ongeldig|Berekening|Controlecel|Komma|Komma [0]|Valuta|Valuta [0]|Verklarende tekst|Goed|Kop 1|Kop 2|Kop 3|Kop 4|Invoer|Gekoppelde cel|Neutraal|Standaard|Notitie|Uitvoer|Procent|Titel|Totaal|Waarschuwingstekst
1044|20 % – uthevingsfarge 1|20 % – uthevingsfarge 2|20 % – uthevingsfarge 3|20 % – uthevingsfarge 4|20 % – uthevingsfarge 5|20 % – uthevingsfarge 6|40 % – uthevingsfarge 1|40 % – uthevingsfarge 2|40 % – uthevingsfarge 3|40 % – uthevingsfarge 4|40 % – uthevingsfarge 5|40 % – uthevingsfarge 6|60 % – uthevingsfarge 1|60 % – uthevingsfarge 2|60 % – uthevingsfarge 3|60 % – uthevingsfarge 4|60 % – uthevingsfarge 5|60 % – uthevingsfarge 6|Uthevingsfarge1|Uthevingsfarge2|Uthevingsfarge3|Uthevingsfarge4|Uthevingsfarge5|Uthevingsfarge6|Dårlig|Beregning|Kontrollcelle|Komma|Tusenskille [0]|Valuta|Valuta [0]|Forklarende tekst|God|Overskrift 1|Overskrift 2|Overskrift 3|Overskrift 4|Inndata|Koblet celle|Nøytral|Normal|Merknad|Utdata|Prosent|Tittel|Totalt|Varseltekst
1045|20% — akcent 1|20% — akcent 2|20% — akcent 3|20% — akcent 4|20% — akcent 5|20% — akcent 6|40% — akcent 1|40% — akcent 2|40% — akcent 3|40% — akcent 4|40% — akcent 5|40% — akcent 6|60% — akcent 1|60% — akcent 2|60% — akcent 3|60% — akcent 4|60% — akcent 5|60% — akcent 6|Akcent 1|Akcent 2|Akcent 3|Akcent 4|Akcent 5|Akcent 6|Zły|Obliczenia|Komórka zaznaczona|Dziesiętny|Dziesiętny [0]|Walutowy|Walutowy [0]|Tekst objaśnienia|Dobry|Nagłówek 1|Nagłówek 2|Nagłówek 3|Nagłówek 4|Dane wejściowe|Komórka połączona|Neutralny|Normalny|Uwaga|Dane wyjściowe|Procentowy|Tytuł|Suma|Tekst ostrzeżenia
1046|20% - Ênfase1|20% - Ênfase2|20% - Ênfase3|20% - Ênfase4|20% - Ênfase5|20% - Ênfase6|40% - Ênfase1|40% - Ênfase2|40% - Ênfase3|40% - Ênfase4|40% - Ênfase5|40% - Ênfase6|60% - Ênfase1|60% - Ênfase2|60% - Ênfase3|60% - Ênfase4|60% - Ênfase5|60% - Ênfase6|Ênfase1|Ênfase2|Ênfase3|Ênfase4|Ênfase5|Ênfase6|Ruim|Cálculo|Célula de Verificação|Vírgula|Separador de milhares [0]|Moeda|Moeda [0]|Texto Explicativo|Bom|Título 1|Título 2|Título 3|Título 4|Entrada|Célula Vinculada|Neutro|Normal|Nota|Saída|Porcentagem|Título|Total|Texto de Aviso
1048|20% - Accent1|20% - Accent2|20% - Accent3|20% - Accent4|20% - Accent5|20% - Accent6|40% - Accent1|40% - Accent2|40% - Accent3|40% - Accent4|40% - Accent5|40% - Accent6|60% - Accent1|60% - Accent2|60% - Accent3|60% - Accent4|60% - Accent5|60% - Accent6|Accent1|Accent2|Accent3|Accent4|Accent5|Accent6|Eronat|Calcul|Verificare celulă|Virgulă|Virgulă [0]|Monedă|Monedă [0]|Text explicativ|Bun|Titlu 1|Titlu 2|Titlu 3|Titlu 4|Intrare|Celulă legată|Neutru|Normal|Notă|Ieșire|Procent|Titlu|Total|Text avertisment
1049|20% — акцент1|20% — акцент2|20% — акцент3|20% — акцент4|20% — акцент5|20% — акцент6|40% — акцент1|40% — акцент2|40% — акцент3|40% — акцент4|40% — акцент5|40% — акцент6|60% — акцент1|60% — акцент2|60% — акцент3|60% — акцент4|60% — акцент5|60% — акцент6|Акцент1|Акцент2|Акцент3|Акцент4|Акцент5|Акцент6|Плохой|Вычисление|Контрольная ячейка|Финансовый|Финансовый [0]|Денежный|Денежный [0]|Пояснение|Хороший|Заголовок 1|Заголовок 2|Заголовок 3|Заголовок 4|Ввод |Связанная ячейка|Нейтральный|Обычный|Примечание|Вывод|Процентный|Название|Итог|Текст предупреждения
1050|20% - Isticanje1|20% - Isticanje2|20% - Isticanje3|20% - Isticanje4|20% - Isticanje5|20% - Isticanje6|40% - Isticanje1|40% - Isticanje2|40% - Isticanje3|40% - Isticanje4|40% - Isticanje5|40% - Isticanje6|60% - Isticanje1|60% - Isticanje2|60% - Isticanje3|60% - Isticanje4|60% - Isticanje5|60% - Isticanje6|Isticanje1|Isticanje2|Isticanje3|Isticanje4|Isticanje5|Isticanje6|Loše|Izračun|Provjera ćelije|Zarez|Zarez [0]|Valuta|Valuta [0]|Tekst objašnjenja|Dobro|Naslov 1|Naslov 2|Naslov 3|Naslov 4|Unos|Povezana ćelija|Neutralno|Normalno|Bilješka|Izlaz|Postotak|Naslov|Ukupni zbroj|Tekst upozorenja
1051|20 % - zvýraznenie1|20 % - zvýraznenie2|20 % - zvýraznenie3|20 % - zvýraznenie4|20 % - zvýraznenie5|20 % - zvýraznenie6|40 % - zvýraznenie1|40 % - zvýraznenie2|40 % - zvýraznenie3|40 % - zvýraznenie4|40 % - zvýraznenie5|40 % - zvýraznenie6|60 % - zvýraznenie1|60 % - zvýraznenie2|60 % - zvýraznenie3|60 % - zvýraznenie4|60 % - zvýraznenie5|60 % - zvýraznenie6|Zvýraznenie1|Zvýraznenie2|Zvýraznenie3|Zvýraznenie4|Zvýraznenie5|Zvýraznenie6|Zlá|Výpočet|Kontrolná bunka|Čiarka|Čiarka [0]|Mena|Mena [0]|Vysvetľujúci text|Dobrá|Nadpis 1|Nadpis 2|Nadpis 3|Nadpis 4|Vstup|Prepojená bunka|Neutrálna|Normálna|Poznámka|Výstup|Percentá|Názov|Spolu|Text upozornenia
1052|20% - Theksi1|20% - Theksi2|20% - Theksi3|20% - Theksi4|20% - Theksi5|20% - Theksi6|40% - Theksi1|40% - Theksi2|40% - Theksi3|40% - Theksi4|40% - Theksi5|40% - Theksi6|60% - Theksi1|60% - Theksi2|60% - Theksi3|60% - Theksi4|60% - Theksi5|60% - Theksi6|Theksi1|Theksi2|Theksi3|Theksi4|Theksi5|Theksi6|I pavlerë|Llogaritje|Zgjidh qelizën|Presje|Presje [0]|Valutë|Valutë [0]|Tekst shpjegues|Mirë|Kokëzimi 1|Kokëzimi 2|Kokëzimi 3|Kokëzimi 4|Hyrje|Qeliza e lidhur|Neutral|Normal|Shënim|Dalje|Përqindje|Titull|Totali|Teksti i paralajmërimit
1053|20 % - Dekorfärg1|20 % - Dekorfärg2|20 % - Dekorfärg3|20 % - Dekorfärg4|20 % - Dekorfärg5|20 % - Dekorfärg6|40 % - Dekorfärg1|40 % - Dekorfärg2|40 % - Dekorfärg3|40 % - Dekorfärg4|40 % - Dekorfärg5|40 % - Dekorfärg6|60 % - Dekorfärg1|60 % - Dekorfärg2|60 % - Dekorfärg3|60 % - Dekorfärg4|60 % - Dekorfärg5|60 % - Dekorfärg6|Dekorfärg1|Dekorfärg2|Dekorfärg3|Dekorfärg4|Dekorfärg5|Dekorfärg6|Dålig|Beräkning|Kontrollcell|Tusental|Tusental [0]|Valuta|Valuta [0]|Förklarande text|Bra|Rubrik 1|Rubrik 2|Rubrik 3|Rubrik 4|Indata|Länkad cell|Neutral|Normal|Anteckning|Utdata|Procent|Rubrik|Summa|Varningstext
1054|20% - ส่วนที่ถูกเน้น1|20% - ส่วนที่ถูกเน้น2|20% - ส่วนที่ถูกเน้น3|20% - ส่วนที่ถูกเน้น4|20% - ส่วนที่ถูกเน้น5|20% - ส่วนที่ถูกเน้น6|40% - ส่วนที่ถูกเน้น1|40% - ส่วนที่ถูกเน้น2|40% - ส่วนที่ถูกเน้น3|40% - ส่วนที่ถูกเน้น4|40% - ส่วนที่ถูกเน้น5|40% - ส่วนที่ถูกเน้น6|60% - ส่วนที่ถูกเน้น1|60% - ส่วนที่ถูกเน้น2|60% - ส่วนที่ถูกเน้น3|60% - ส่วนที่ถูกเน้น4|60% - ส่วนที่ถูกเน้น5|60% - ส่วนที่ถูกเน้น6|ส่วนที่ถูกเน้น1|ส่วนที่ถูกเน้น2|ส่วนที่ถูกเน้น3|ส่วนที่ถูกเน้น4|ส่วนที่ถูกเน้น5|ส่วนที่ถูกเน้น6|แย่|การคำนวณ|เซลล์ตรวจสอบ|จุลภาค|จุลภาค [0]|สกุลเงิน|สกุลเงิน [0]|ข้อความอธิบาย|ดี|หัวเรื่อง 1|หัวเรื่อง 2|หัวเรื่อง 3|หัวเรื่อง 4|ป้อนค่า|เซลล์ที่มีลิงก์|ปานกลาง|ปกติ|หมายเหตุ|แสดงผล|เปอร์เซ็นต์|ชื่อเรื่อง|ผลรวม|ข้อความเตือน
1055|%20 - Vurgu1|%20 - Vurgu2|%20 - Vurgu3|%20 - Vurgu4|%20 - Vurgu5|%20 - Vurgu6|%40 - Vurgu1|%40 - Vurgu2|%40 - Vurgu3|%40 - Vurgu4|%40 - Vurgu5|%40 - Vurgu6|%60 - Vurgu1|%60 - Vurgu2|%60 - Vurgu3|%60 - Vurgu4|%60 - Vurgu5|%60 - Vurgu6|Vurgu1|Vurgu2|Vurgu3|Vurgu4|Vurgu5|Vurgu6|Kötü|Hesaplama|İşaretli Hücre|Virgül|Binlik Ayracı [0]|ParaBirimi|ParaBirimi [0]|Açıklama Metni|İyi|Başlık 1|Başlık 2|Başlık 3|Başlık 4|Giriş|Bağlı Hücre|Nötr|Normal|Not|Çıkış|Yüzde|Ana Başlık|Toplam|Uyarı Metni
1056|‏20% - لہجہ1|‏20% - لہجہ2|‏20% - لہجہ3|‏20% - لہجہ4|‏20% - لہجہ5|‏20% - لہجہ6|‏40% - لہجہ1|‏40% - لہجہ2|‏40% - لہجہ3|‏40% - لہجہ4|‏40% - لہجہ5|‏40% - لہجہ6|‏60% - لہجہ1|‏60% - لہجہ2|‏60% -لہجہ3|‏60% - لہجہ4|‏60% - لہجہ5|‏60% - لہجہ6|لہجہ1|لہجہ2|لہجہ3|لہجہ4|لہجہ5|لہجہ6|برا|حساب|پڑتال سيل|کاما|کومہ [0]|سکہ|کرنسی [0]|وضاحتى متن|اچھا|سرخى 1|سرخى 2|سرخى 3|سرخى 4|ان پٹ|ربط شدہ سيل|غير جانبدار|عام|نوٹ|آؤٹ پٹ|فى صد|عنوان|مجموعہ|انتباہيہ متن
1057|20% - Aksen1|20% - Aksen2|20% - Aksen3|20% - Aksen4|20% - Aksen5|20% - Aksen6|40% - Aksen1|40% - Aksen2|40% - Aksen3|40% - Aksen4|40% - Aksen5|40% - Aksen6|60% - Aksen1|60% - Aksen2|60% - Aksen3|60% - Aksen4|60% - Aksen5|60% - Aksen6|Aksen1|Aksen2|Aksen3|Aksen4|Aksen5|Aksen6|Buruk|Perhitungan|Sel Periksa|Koma|Koma [0]|Mata Uang|Mata Uang [0]|Teks Penjelasan|Baik|Judul 1|Judul 2|Judul 3|Judul 4|Masukan|Sel Tertaut|Netral|Normal|Catatan|Keluaran|Persen|Judul|Total|Teks Peringatan
1058|20% – колірна тема 1|20% – колірна тема 2|20% – колірна тема 3|20% – колірна тема 4|20% – колірна тема 5|20% – колірна тема 6|40% – колірна тема 1|40% – колірна тема 2|40% – колірна тема 3|40% – колірна тема 4|40% – колірна тема 5|40% – колірна тема 6|60% – колірна тема 1|60% – колірна тема 2|60% – колірна тема 3|60% – колірна тема 4|60% – колірна тема 5|60% – колірна тема 6|Колірна тема 1|Колірна тема 2|Колірна тема 3|Колірна тема 4|Колірна тема 5|Колірна тема 6|Поганий|Обчислення|Контрольна клітинка|Фінансовий|Фінансовий [0]|Грошовий|Грошовий [0]|Текст пояснення|Гарний|Заголовок 1|Заголовок 2|Заголовок 3|Заголовок 4|Ввід|Зв'язана клітинка|Нейтральний|Звичайний|Примітка|Результат|Відсотковий|Назва|Підсумок|Текст попередження
1059|20% — акцэнт1|20% — акцэнт2|20% — акцэнт3|20% — акцэнт4|20% — акцэнт5|20% — акцэнт6|40% — акцэнт1|40% — акцэнт2|40% — акцэнт3|40% — акцэнт4|40% — акцэнт5|40% — акцэнт6|60% — акцэнт1|60% — акцэнт2|60% — акцэнт3|60% — акцэнт4|60% — акцэнт5|60% — акцэнт6|Акцэнт1|Акцэнт2|Акцэнт3|Акцэнт4|Акцэнт5|Акцэнт6|Дрэнны|Вылічэнне|Кантрольная  ячэйка|Коска|Фінансавы [0]|Грашовы|Грашовы [0]|Тлумачэнне|Добры|Загаловак 1|Загаловак 2|Загаловак 3|Загаловак 4|Увод|Звязаная ячэйка|Нейтральны|Звычайны|Заўвага|Вывад|Працэнт|Пасада|Вынік|Тэкст папярэджання
1060|20 % – Poudarek1|20 % – Poudarek2|20 % – Poudarek3|20 % – Poudarek4|20 % – Poudarek5|20 % – Poudarek6|40 % – Poudarek1|40 % – Poudarek2|40 % – Poudarek3|40 % – Poudarek4|40 % – Poudarek5|40 % – Poudarek6|60 % – Poudarek1|60 % – Poudarek2|60 % – Poudarek3|60 % – Poudarek4|60 % – Poudarek5|60 % – Poudarek6|Poudarek1|Poudarek2|Poudarek3|Poudarek4|Poudarek5|Poudarek6|Slabo|Računanje|Preveri celico|Vejica|Vejica [0]|Valuta|Valuta [0]|Pojasnjevalno besedilo|Dobro|Naslov 1|Naslov 2|Naslov 3|Naslov 4|Vnos|Povezana celica|Nevtralno|Navadno|Opomba|Izhod|Odstotek|Naslov|Vsota|Opozorilo
1061|20% – rõhk1|20% – rõhk2|20% – rõhk3|20% – rõhk4|20% – rõhk5|20% – rõhk6|40% – rõhk1|40% – rõhk2|40% – rõhk3|40% – rõhk4|40% – rõhk5|40% – rõhk6|60% – rõhk1|60% – rõhk2|60% – rõhk3|60% – rõhk4|60% – rõhk5|60% – rõhk6|Rõhk1|Rõhk2|Rõhk3|Rõhk4|Rõhk5|Rõhk6|Halb|Arvutus|Kontrolli lahtrit|Koma|Koma [0]|Valuuta|Valuuta [0]|Selgitav tekst|Hea|Pealkiri 1|Pealkiri 2|Pealkiri 3|Pealkiri 4|Sisend|Lingitud lahter|Neutraalne|Normaallaad|Märkus|Väljund|Protsent|Üldpealkiri|Kokku|Hoiatuse tekst
1062|20% no 1. izcēluma|20% no 2. izcēluma|20% no 3. izcēluma|20% no 4. izcēluma|20% no 5. izcēluma|20% no 6. izcēluma|40% no 1. izcēluma|40% no 2. izcēluma|40% no 3. izcēluma|40% no 4. izcēluma|40% no 5. izcēluma|40% no 6. izcēluma|60% no 1. izcēluma|60% no 2. izcēluma|60% no 3. izcēluma|60% no 4. izcēluma|60% no 5. izcēluma|60% no 6. izcēluma|Izcēlums (1. veids)|Izcēlums (2. veids)|Izcēlums (3. veids)|Izcēlums (4. veids)|Izcēlums (5. veids)|Izcēlums (6. veids)|Slikts|Aprēķināšana|Pārbaudes šūna|Komats|Komats [0]|Valūta|Valūta [0]|Paskaidrojošs teksts|Labs|Virsraksts 1|Virsraksts 2|Virsraksts 3|Virsraksts 4|Ievade|Saistīta šūna|Neitrāls|Parasts|Piezīme|Izvade|Procenti|Nosaukums|Kopsumma|Brīdinājuma teksts
1063|20% – paryškinimas 1|20% – paryškinimas 2|20% – paryškinimas 3|20% – paryškinimas 4|20% – paryškinimas 5|20% – paryškinimas 6|40% – paryškinimas 1|40% – paryškinimas 2|40% – paryškinimas 3|40% – paryškinimas 4|40% – paryškinimas 5|40% – paryškinimas 6|60% – paryškinimas 1|60% – paryškinimas 2|60% – paryškinimas 3|60% – paryškinimas 4|60% – paryškinimas 5|60% – paryškinimas 6|Paryškinimas 1|Paryškinimas 2|Paryškinimas 3|Paryškinimas 4|Paryškinimas 5|Paryškinimas 6|Blogas|Skaičiavimas|Tikrinimo langelis|Kablelis|Kablelis [0]|Valiuta|Valiuta [0]|Aiškinamasis tekstas|Geras|1 antraštė|2 antraštė|3 antraštė|4 antraštė|Įvestis|Susietas langelis|Neutralus|Įprastas|Pastaba|Išvestis|Procentai|Pavadinimas|Suma|Įspėjimo tekstas
1065|‏20% - تأکید1|‏20% - تاکید2|‏20% - تاکید3|‏20% - تاکید4|‏20% - تاکید5|‏20% - تاکید6|40% - آکسان 1|‏40% - تاکید2|‏40% - تاکید3|‏40% - تاکید4|‏40% - تاکید5|‏40% - تاکید6|‏60% - تأکید1|‏60% - تاکید2|‏60% - تاکید3|‏60% - تاکید4|‏60% - تاکید5|‏60% - تاکید6|تأکید1|تاکید2|تاکید3|تاکید4|تاکید5|تاکید6|بد|محاسبه|بررسی سلول|کاما|کاما [0]|ارز|واحد پول [0]|متن توصیفی|خوب|عنوان 1|عنوان 2|عنوان 3|عنوان 4|ورودی|سلول پیوندی|خنثی|معمولی|یادداشت|خروجی|درصد|عنوان|مجموع|متن هشدار
1066|20% - Accent1|20% - Accent2|20% - Accent3|20% - Accent4|20% - Accent5|20% - Accent6|40% - Accent1|40% - Accent2|40% - Accent3|40% - Accent4|40% - Accent5|40% - Accent6|60% - Accent1|60% - Accent2|60% - Accent3|60% - Accent4|60% - Accent5|60% - Accent6|Accent1|Accent2|Accent3|Accent4|Accent5|Accent6|Xấu|Tính toán|Kiểm tra Ô|Dấu phẩy|Dấu phẩy [0]|Tiền tệ|Tiền tệ [0]|Văn bản Giải thích|Tốt|Đầu đề 1|Đầu đề 2|Đầu đề 3|Đầu đề 4|Đầu vào|Ô được Nối kết|Trung lập|Bình thường|Ghi chú|Đầu ra|Phần trăm|Tiêu đề|Tổng|Văn bản Cảnh báo
1067|20% - Շեշտ1|20% - Շեշտ2|20% - Շեշտ3|20% - Շեշտ4|20% - Շեշտ5|20% - Շեշտ6|40% - Շեշտ1|40% - Շեշտ2|40% - Շեշտ3|40% - Շեշտ4|40% - Շեշտ5|40% - Շեշտ6|60% - Շեշտ1|60% - Շեշտ2|60% - Շեշտ3|60% - Շեշտ4|60% - Շեշտ5|60% - Շեշտ6|Շեշտ1|Շեշտ2|Շեշտ3|Շեշտ4|Շեշտ5|Շեշտ6|Վատ|Հաշվարկում|Ստուգման վանդակ|Ստորակետ|Ստորակետ [0]|Տարադրամ|Տարադրամ [0]|Բացատրական գրվածք|Լավ|Վերնագիր 1|Վերնագիր 2|Վերնագիր 3|Վերնագիր 4|Ներածում|Կապված վանդակ|Չեզոք|Սովորական|Նշում|Արտածում|Տոկոս|Անվանում|Ընդամենը|Զգուշացման գրվածք
1068|20% - Vurğu1|20% - Vurğu2|20% - Vurğu3|20% - Vurğu4|20% - Vurğu5|20% - Vurğu6|40% - Vurğu1|40% - Vurğu2|40% - Vurğu3|40% - Vurğu4|40% - Vurğu5|40% - Vurğu6|60% - Vurğu1|60% - Vurğu2|60% - Vurğu3|60% - Vurğu4|60% - Vurğu5|60% - Vurğu6|Vurğu1|Vurğu2|Vurğu3|Vurğu4|Vurğu5|Vurğu6|Pis|Hesablama|Nəzarət Xanası|Vergül|Maliyyə [0]|Valyuta|Valyuta [0]|Aydınlaşdırıcı Mətn|Yaxşı|Başlıq 1|Başlıq 2|Başlıq 3|Başlıq 4|Daxil et|Əlaqəli Xana|Neytral|Normal|Qeyd|Çıxış|Faiz|Başlıq|Yekun|Xəbərdarlıq Mətni
1069|% 20 - 1. enfasia|% 20 - 2. enfasia|% 20 - 3. enfasia|% 20 - 4. enfasia|% 20 - 5. enfasia|% 20 - 6. enfasia|% 40 - 1. enfasia|% 40 - 2. enfasia|% 40 - 3. enfasia|% 40 - 4. enfasia|% 40 - 5. enfasia|% 40 - 6. enfasia|% 60 - 1. enfasia|% 60 - 2. enfasia|% 60 - 3. enfasia|% 60 - 4. enfasia|% 60 - 5. enfasia|% 60 - 6. enfasia|1. enfasia|2. enfasia|3. enfasia|4. enfasia|5. enfasia|6. enfasia|Gaizki|Kalkulua|Egiaztapen-gelaxka|Koma|Koma [0]|Moneta|Moneta [0]|Azalpen-testua|Ona|1. izenburua|2. izenburua|3. izenburua|4. izenburua|Sarrera|Estekatutako gelaxka|Neutroa|Normala|Oharra|Irteera|Ehunekoa|Titulua|Guztira|Ohar-testua
1071|20% - Нагласување1|20% - Нагласување2|20% - Нагласување3|20% - Нагласување4|20% - Нагласување5|20% - Нагласување6|40% - Нагласување1|40% - Нагласување2|40% - Нагласување3|40% - Нагласување4|40% - Нагласување5|40% - Нагласување6|60% - Нагласување1|60% - Нагласување2|60% - Нагласување3|60% - Нагласување4|60% - Нагласување5|60% - Нагласување6|Нагласување1|Нагласување2|Нагласување3|Нагласување4|Нагласување5|Нагласување6|Лошо|Пресметка|Провери ќелија|Запирка|Запирка [0]|Валута|Валута [0]|Појаснувачки текст|Добро|Наслов 1|Наслов 2|Наслов 3|Наслов 4|Влез|Поврзана ќелија|Неутрално|Нормално|Напомена|Излез|Процент|Наслов|Вкупно|Текст на предупредување
1078|20% - Aksent1|20% - Aksent2|20% - Aksent3|20% - Aksent4|20% - Aksent5|20% - Aksent6|40% - Aksent1|40% - Aksent2|40% - Aksent3|40% - Aksent4|40% - Aksent5|40% - Aksent6|60% - Aksent1|60% - Aksent2|60% - Aksent3|60% - Aksent4|60% - Aksent5|60% - Aksent6|Aksent1|Aksent2|Aksent3|Aksent4|Aksent5|Aksent6|Swak|Berekening|Gaan Sel na|Komma|Komma [0]|Geldeenheid|Geldeenheid [0]|Verduidelikende Teks|Goed|Opskrif 1|Opskrif 2|Opskrif 3|Opskrif 4|Inset|Gekoppelde Sel|Neutraal|Normaal|Nota|Uitset|Persent|Titel|Totaal|Waarskuwingsteks
1079|20% - მახვილი1|20% - მახვილი2|20% - მახვილი3|20% - მახვილი4|20% - მახვილი5|20% - მახვილი6|40% - მახვილი1|40% - მახვილი2|40% - მახვილი3|40% - მახვილი4|40% - მახვილი5|40% - მახვილი6|60% - მახვილი1|60% - მახვილი2|60% - მახვილი3|60% - მახვილი4|60% - მახვილი5|60% - მახვილი6|მახვილი1|მახვილი2|მახვილი3|მახვილი4|მახვილი5|მახვილი6|ცუდი|გამოთვლა|უჯრის შემოწმება|მძიმე|ფინანსური [0]|ვალუტა|თანხობრივი [0]|განმარტებითი ტექსტი|კარგი|სათაური 1|სათაური 2|სათაური 3|სათაური 4|შეტანა|დაკავშირებული უჯრა|ნეიტრალური|ჩვეულებრივი|შენიშვნა|გამოტანა|პროცენტი|სათაური|სულ|გაფრთხილების ტექსტი
1081|20% - एक्सेंट1|20% - एक्सेंट2|20% - एक्सेंट3|20% - एक्सेंट4|20% - एक्सेंट5|20% - एक्सेंट6|40% - एक्सेंट1|40% - एक्सेंट2|40% - एक्सेंट3|40% - एक्सेंट4|40% - एक्सेंट5|40% - एक्सेंट6|60% - एक्सेंट1|60% - एक्सेंट2|60% - एक्सेंट3|60% - एक्सेंट4|60% - एक्सेंट5|60% - एक्सेंट6|एक्सेंट1|एक्सेंट2|एक्सेंट3|एक्सेंट4|एक्सेंट5|एक्सेंट6|बुरा|परिकलन|कक्ष जाँचें|अल्पविराम|अल्पविराम [0]|मुद्रा|मुद्रा [0]|व्याख्यात्मक पाठ|अच्छा|शीर्ष 1|शीर्ष 2|शीर्ष 3|शीर्ष 4|इनपुट|लिंक्ड कक्ष|न्यूट्रल|Normal|नोट|आउटपुट|प्रतिशत|शीर्षक|कुल|चेतावनी पाठ
1082|20% - Enfasi1|20% - Enfasi2|20% - Enfasi3|20% - Enfasi4|20% - Enfasi5|20% - Enfasi6|40% - Enfasi1|40% - Enfasi2|40% - Enfasi3|40% - Enfasi4|40% - Enfasi5|40% - Enfasi6|60% - Enfasi1|60% - Enfasi2|60% - Enfasi3|60% - Enfasi4|60% - Enfasi5|60% - Enfasi6|Enfasi1|Enfasi2|Enfasi3|Enfasi4|Enfasi5|Enfasi6|Ħażin|Kalkulazzjoni|Ċellula tal-Immarkar|Virgola|Virgola [0]|Munita|Valuta [0]|Test Spjegattiv|Tajjeb|Intestatura 1|Intestatura 2|Intestatura 3|Intestatura 4|Input|Ċellula Llinkjata|Newtrali|Normali|Nota|Output|Perċentwali|Titlu|Total|Test ta' Twissija
1086|20% - Aksen1|20% - Aksen2|20% - Aksen3|20% - Aksen4|20% - Aksen5|20% - Aksen6|40% - Aksen1|40% - Aksen2|40% - Aksen3|40% - Aksen4|40% - Aksen5|40% - Aksen6|60% - Aksen1|60% - Aksen2|60% - Aksen3|60% - Aksen4|60% - Aksen5|60% - Aksen6|Aksen1|Aksen2|Aksen3|Aksen4|Aksen5|Aksen6|Buruk|Pengiraan|Semak Sel|Koma|Koma [0]|Mata Wang|Mata Wang [0]|Teks Penjelasan|Baik|Tajuk 1|Tajuk 2|Tajuk 3|Tajuk 4|Input|Sel Terpaut|Neutral|Normal|Nota|Output|Peratus|Tajuk|Jumlah|Teks Amaran
1087|20% - Екпін1|20% - Екпін2|20% - Екпін3|20% - Екпін4|20% - Екпін5|20% - Екпін6|40% - Екпін1|40% - Екпін2|40% - Екпін3|40% - Екпін4|40% - Екпін5|40% - Екпін6|60% - Екпін1|60% - Екпін2|60% - Екпін3|60% - Екпін4|60% - Екпін5|60% - Екпін6|Екпін1|Екпін2|Екпін3|Екпін4|Екпін5|Екпін6|Нашар|Есептеу|Бақылау ұяшығы|Үтір|[0]-үтір|Валюта|[0]-валюта|Түсіндірме|Жақсы|1-тақырып|2-тақырып|3-тақырып|4-тақырып|Енгізу|Байланған ұяшық|Бейтарап|Қалыпты|Ескерім|Шығару|Пайыз|Тақырып|Жиын|Ескерту мәтіні
1088|20% - Акцент 1|20%-2-Басым|20%-3-Басым|20%-4-Басым|20%-5-Басым|20% - Акцент 6|40%-1-Басым|40%-2-Басым|40%-3-Басым|40%-4-Басым|40%-5-Басым|40%-6-Басым|60%-1-Басым|60%-2-Басым|60%-3-Басым|60%-4-Басым|60%-5-Басым|60%-6-Басым|Контраст1|2-Басым|3-Басым|4-Басым|5-Басым|6-Басым|Жаман|Эсептөө|Текшерүү уячасы|Үтүр|Үтүр [0]|Акча бирдиги|Акча бирдиги [0]|Түшүндүрмө текст|Жакшы|Баш ат 1|Баш ат 2|Баш ат 3|Баш ат 4|Чыгаруу|Байланышкан уя|Нейтралдуу|Кадимки|Эскертүү|Иштеп чыгарылган продукту|Пайыз|Аталышы|Жалпы|Эскертүү мазмун
1089|20% - Kimeko1|20% - Kimeko2|20% - Kimeko3|20% - Kimeko4|20% - Kimeko5|20% - Kimeko6|40% - Kimeko1|40% - Kimeko2|40% - Kimeko3|40% - Kimeko4|40% - Kimeko5|40% - Kimeko6|60% - Kimeko1|60% - Kimeko2|60% - Kimeko3|60% - Kimeko4|60% - Kimeko5|60% - Kimeko6|Kimeko1|Kimeko2|Kimeko3|Kimeko4|Kimeko5|Kimeko6|Mbaya|Mkokotoo|Kagua Seli|Mkato|Mkato [0]|Fedha|Fedha [0]|Matini Fafanuzi|Vizuri|Kichwa 1|Kichwa 2|Kichwa 3|Kichwa 4|Ingizo|Seli Iliyounganishwa|Ya katikati|Kawaida|Dokezo|Towe|Asilimia|Kichwa|Jumla|Matini ya Onyo
1090|20% - Dyngy1|20% - Dyngy2|20% - Dyngy3|20% - Dyngy4|20% - Dyngy5|20% - Dyngy6|40% - Dyngy1|40% - Dyngy2|40% - Dyngy3|40% - Dyngy4|40% - Dyngy5|40% - Dyngy6|60% - Dyngy1|60% - Dyngy2|60% - Dyngy3|60% - Dyngy4|60% - Dyngy5|60% - Dyngy6|Dyngy1|Dyngy2|Dyngy3|Dyngy4|Dyngy5|Dyngy6|ýaman|Hasaplaýyş|Öýjügi Barla|Otur|Otur [0]|Pul Birligi|Pul Birligi [0]|Düşündiriş Teksti|Gowy|At 1|At 2|At 3|At 4|Girizilen|Baglanan Öýjük|Bitarap|Adaty|Bellik|çykyş|Göterim|At|Jemi|Duýduryş Teksti
1091|20% - Urg‘u belgi1|20% - Urg‘u belgi2|20% - Urg‘u belgi3|20% - Urg‘u belgi4|20% - Urg‘u belgi5|20% - Urg‘u belgi6|40% - Urg‘u belgi1|40% - Urg‘u belgi2|40% - Urg‘u belgi3|40% - Urg‘u belgi4|40% - Urg‘u belgi5|40% - Urg‘u belgi6|60% - Urg‘u belgi1|60% - Urg‘u belgi2|60% - Urg‘u belgi3|60% - Urg‘u belgi4|60% - Urg‘u belgi5|60% - Urg‘u belgi6|Urg‘u belgi1|Urg‘u belgi2|Urg‘u belgi3|Urg‘u belgi4|Urg‘u belgi5|Urg‘u belgi6|Yomon|Hisoblash|Nazorat uyasi|Vergul|Vergul [0]|Pul birligi|Pul birligi [0]|Tushuntirish|Yaxshi|Sarlavha 1|Sarlavha 2|Sarlavha 3|Sarlavha 4|Kiritmoq|Bog‘langan uya|Neytral|Oddiy|Eslatma|Chiqarish|Foiz|Sarlavha|Jami|Ogohlantirish matni
1092|20% - Акцент1|20% - Акцент2|20% - Акцент3|20% - Акцент4|20% - Акцент5|20% - Акцент6|40% - Акцент1|40% - Акцент2|40% - Акцент3|40% - Акцент4|40% - Акцент5|40% - Акцент6|60% - Акцент1|60% - Акцент2|60% - Акцент3|60% - Акцент4|60% - Акцент5|60% - Акцент6|Акцент1|Акцент2|Акцент3|Акцент4|Акцент5|Акцент6|Начар|Исәпләү|Шакмак тикшерү|Өтер|Өтер [0]|Акча|Акча [0]|Аңлатма тексты|Яхшы|Башлам 1|Башлам 2|Башлам 3|Башлам 4|Кертү|Бәйләнгән шакмак|Нейтраль|Гадәти|Искәрмә|Чыгару|Процент|Исем|Барлыгы|Кисәтү тексты
1093|20% - স্বরাঘাত1|20% - স্বরাঘাত2|20% - স্বরাঘাত3|20% - স্বরাঘাত4|20% - স্বরাঘাত5|20% - স্বরাঘাত6|40% - স্বরাঘাত1|40% - স্বরাঘাত2|40% - স্বরাঘাত3|40% - স্বরাঘাত4|40% - স্বরাঘাত5|40% - স্বরাঘাত6|60% - স্বরাঘাত1|60% - স্বরাঘাত2|60% - স্বরাঘাত3|60% - স্বরাঘাত4|60% - স্বরাঘাত5|60% - স্বরাঘাত6|স্বরাঘাত1|স্বরাঘাত2|স্বরাঘাত3|স্বরাঘাত4|স্বরাঘাত5|স্বরাঘাত6|মন্দ|গণনা|কক্ষ চেক করুন|কমা|কমা [0]|মুদ্রা|মুদ্রা [0]|ব্যাখ্যামূলক পাঠ|ভাল|শিরোনাম 1|শিরোনাম 2|শিরোনাম 3|শিরোনাম 4|ইনপুট|যোগসূত্রযুক্ত কক্ষ|নিরপেক্ষ|স্বাভাবিক|টীকা|আউটপুট|শতাংশ|শীর্ষক|সমষ্টি|সতর্কতা পাঠ
1094|20% - ਐਕਸੈਂਟ1|20% - ਐਕਸੈਂਟ2|20% - ਐਕਸੈਂਟ3|20% - ਐਕਸੈਂਟ4|20% - ਐਕਸੈਂਟ5|20% - ਐਕਸੈਂਟ6|40% - ਐਕਸੈਂਟ1|40% - ਐਕਸੈਂਟ2|40% - ਐਕਸੈਂਟ3|40% - ਐਕਸੈਂਟ4|40% - ਐਕਸੈਂਟ5|40% - ਐਕਸੈਂਟ6|60% - ਐਕਸੈਂਟ1|60% - ਐਕਸੈਂਟ2|60% - ਐਕਸੈਂਟ3|60% - ਐਕਸੈਂਟ4|60% - ਐਕਸੈਂਟ5|60% - ਐਕਸੈਂਟ6|ਐਕਸੈਂਟ1|ਐਕਸੈਂਟ2|ਐਕਸੈਂਟ3|ਐਕਸੈਂਟ4|ਐਕਸੈਂਟ5|ਐਕਸੈਂਟ6|ਬੁਰਾ|ਗਿਨਣਾ|ਕੋਸ਼ ਜਾਂਚੋ|ਕਾਮਾ|ਕਾਮਾ [0]|ਮੁਦਰਾ|ਮੁਦਰਾ [0]|ਵਿਆਖਿਆਤਮਕ ਪਾਠ|ਵਧੀਆ|ਸਿਰਲੇਖ 1|ਸਿਰਲੇਖ 2|ਸਿਰਲੇਖ 3|ਸਿਰਲੇਖ 4|ਇਨਪੁਟ|ਲਿੰਕਡ ਕੋਸ਼|ਨਿਊਟ੍ਰਲ|ਆਮ|ਨੋਟ|ਆਉਟਪੁਟ|ਪ੍ਰਤੀਸ਼ਤ|ਸਿਰਲੇਖ|ਕੁੱਲ|ਚੇਤਾਵਨੀ ਪਾਠ
1095|20% - એક્સન્ટ1|20% - એક્સન્ટ2|20% - એક્સન્ટ3|20% - એક્સન્ટ4|20% - એક્સન્ટ5|20% - એક્સન્ટ6|40% - એક્સન્ટ1|40% - એક્સન્ટ2|40% - એક્સન્ટ3|40% - એક્સન્ટ4|40% - એક્સન્ટ5|40% - એક્સન્ટ6|60% - એક્સન્ટ1|60% - એક્સન્ટ2|60% - એક્સન્ટ3|60% - એક્સન્ટ4|60% - એક્સન્ટ5|60% - એક્સન્ટ6|એક્સન્ટ1|એક્સન્ટ2|એક્સન્ટ3|એક્સન્ટ4|એક્સન્ટ5|એક્સન્ટ6|ખરાબ|ગણતરી|કોષ તપાસો|અલ્પવિરામ|અલ્પવિરામ [0]|મુદ્રા|મુદ્રા [0]|વ્યાખ્યાત્મક પાઠ|સારું|શીર્ષક 1|શીર્ષક 2|શીર્ષક 3|શીર્ષક 4|ઇનપુટ|લિંક કરેલ કોષ|ન્યુટ્રલ|સામાન્ય|નોટ|આઉટપોટ|ટકાવારી|શીર્ષક|કુલ|ચેતવણી પાઠ
1096|20% - ଆସେଣ୍ଟ1|20% - ଆସେଣ୍ଟ2|20% - ଆସେଣ୍ଟ3|20% - ଆସେଣ୍ଟ4|20% - ଆସେଣ୍ଟ5|20% - ଆସେଣ୍ଟ6|40% - ଆସେଣ୍ଟ1|40% - ଆସେଣ୍ଟ2|40% - ଆସେଣ୍ଟ3|40% - ଆସେଣ୍ଟ4|40% - ଆସେଣ୍ଟ5|40% - ଆସେଣ୍ଟ6|60% - ଆସେଣ୍ଟ1|60% - ଆସେଣ୍ଟ2|60% - ଆସେଣ୍ଟ3|60% - ଆସେଣ୍ଟ4|60% - ଆସେଣ୍ଟ5|60% - ଆସେଣ୍ଟ6|ଆସେଣ୍ଟ1|ଆସେଣ୍ଟ2|ଆସେଣ୍ଟ3|ଆସେଣ୍ଟ4|ଆସେଣ୍ଟ5|ଆସେଣ୍ଟ6|ଖରାପ|ହିସାବ|କକ୍ଷ ପରୀକ୍ଷଣ|କମା|କମା [0]|ମୁଦ୍ରା|ମୁଦ୍ରା [0]|ବିବରାଣତ୍ମକ ପାଠ|ଭଲ|ଶିରୋନାମା1|ଶିରୋନାମା 2|ଶିରୋନାମା 3|ଶିରୋନାମା 4|ଇନ୍‌ପୁଟ୍|ଯୋସୂତ୍ର ହୋଇଥିବା କକ୍ଷ|ନିରପେକ୍ଷ|ସାଧାରଣ|ଟିପ୍ପଣୀ|ଆଉଟ୍‌ପୁଟ୍|ଶତକଡ଼ା|ଟାଇଟେଲ୍|ମୋଟ୍|ଚେତାବନୀ ପାଠ
1097|20% - அழுத்தம்1|20% - அழுத்தம்2|20% - அழுத்தம்3|20% - அழுத்தம்4|20% - அழுத்தம்5|20% - அழுத்தம்6|40% - அழுத்தம்1|40% - அழுத்தம்2|40% - அழுத்தம்3|40% - அழுத்தம்4|40% - அழுத்தம்5|40% - அழுத்தம்6|60% - அழுத்தம்1|60% - அழுத்தம்2|60% - அழுத்தம்3|60% - அழுத்தம்4|60% - அழுத்தம்5|60% - அழுத்தம்6|அழுத்தம்1|அழுத்தம்2|அழுத்தம்3|அழுத்தம்4|அழுத்தம்5|அழுத்தம்6|மோசம்|கணக்கிடுதல்|கலத்தை சரிபார்|காற்புள்ளி|காற்புள்ளி [0]|நாணயம்|செலாவணி [0]|விளக்க உரை|நன்று|தலைப்பு 1|தலைப்பு 2|தலைப்பு 3|தலைப்பு 4|உள்ளிடு|இணைக்கப்பட்ட கலம்|நடுநிலை|சராசரி|குறிப்பு|வினைவிளைவு|சதவீதம்|தலைப்பு|மொத்தம்|எச்சரிக்கை உரை
1098|20% - యాక్సెంట్1|20% - యాక్సెంట్2|20% - యాక్సెంట్3|20% - యాక్సెంట్4|20% - యాక్సెంట్5|20% - యాక్సెంట్6|40% - యాక్సెంట్1|40% - యాక్సెంట్2|40% -యాక్సెంట్3|40% - యాక్సెంట్4|40% - యాక్సెంట్5|40% - యాక్సెంట్6|60% - యాక్సెంట్1|60% - యాక్సెంట్2|60% - యాక్సెంట్3|60% - యాక్సెంట్4|60% - యాక్సెంట్5|60% - యాక్సెంట్6|యాక్సెంట్1|యాక్సెంట్2|యాక్సెంట్3|యాక్సెంట్4|యాక్సెంట్5|యాక్సెంట్6|బ్యాడ్|లెక్కింపు|గడి తనిఖీ|కామా|కామా [0]|ద్రవ్యం|ద్రవ్యం [0]|వివరణాత్మక పాఠం|బాగుంది|శీర్షిక 1|శీర్షిక 2|శీర్షిక 3|శీర్షిక 4|మూలాంశం|లింక్ అయిన గడి|తటస్థం|సాధారణ|గమనిక|ఫలితాంశం|శాతం|శీర్షిక|మొత్తం|హెచ్చరిక పాఠం
1099|20% - ತೀಕ್ಷ್ಣತೆ1|20% - ತೀಕ್ಷ್ಣತೆ2|20% - ತೀಕ್ಷ್ಣತೆ3|20% - ತೀಕ್ಷ್ಣತೆ4|20% - ತೀಕ್ಷ್ಣತೆ5|20% - ತೀಕ್ಷ್ಣತೆ6|40% - ತೀಕ್ಷ್ಣತೆ1|40% - ತೀಕ್ಷ್ಣತೆ2|40% - ತೀಕ್ಷ್ಣತೆ3|40% - ತೀಕ್ಷ್ಣತೆ4|40% - ತೀಕ್ಷ್ಣತೆ5|40% - ತೀಕ್ಷ್ಣತೆ6|60% - ತೀಕ್ಷ್ಣತೆ1|60% - ತೀಕ್ಷ್ಣತೆ2|60% - ತೀಕ್ಷ್ಣತೆ3|60% - ತೀಕ್ಷ್ಣತೆ4|60% - ತೀಕ್ಷ್ಣತೆ5|60% - ತೀಕ್ಷ್ಣತೆ6|ತೀಕ್ಷ್ಣತೆ1|ತೀಕ್ಷ್ಣತೆ2|ತೀಕ್ಷ್ಣತೆ3|ತೀಕ್ಷ್ಣತೆ4|ತೀಕ್ಷ್ಣತೆ5|ತೀಕ್ಷ್ಣತೆ6|ಕೆಟ್ಟ|ಲೆಕ್ಕಾಚಾರ|ಪರಿಶೀಲನೆ ಕೋಶ|ಅಲ್ಪವಿರಾಮ|ಅಲ್ಪವಿರಾಮ [0]|ಕರೆನ್ಸಿ|ಕರೆನ್ಸಿ [0]|ವಿವರಣಾತ್ಮ ಪಠ್ಯ|ಉತ್ತಮ|ತಲೆಬರಹ 1|ತಲೆಬರಹ 2|ತಲೆಬರಹ 3|ತಲೆಬರಹ 4|ಇನ್‌ಪುಟ್|ಲಿಂಕ್ಆದ ಕೋಶ|ನ್ಯೂಟ್ರಲ್|ಸಾಮಾನ್ಯ|ಟಿಪ್ಪಣಿ|ಔಟ್‌ಪುಟ್|ಶೇಕಡ|ಶೀರ್ಷಿಕೆ|ಮೊತ್ತ|ಎಚ್ಚರಿಕೆ ಪಠ್ಯ
1100|20% - ആക്‌സെന്‍റ്1|20% - ആക്‌സെന്‍റ്2|20% - ആക്‌സെന്‍റ്3|20% - ആക്‌സെന്‍റ്4|20% - ആക്‌സെന്‍റ്5|20% - ആക്‌സെന്‍റ്6|40% - ആക്‌സെന്‍റ്1|40% - ആക്‌സെന്‍റ്2|40% - ആക്‌സെന്‍റ്3|40% - ആക്‌സെന്‍റ്4|40% - ആക്‌സെന്‍റ്5|40% - ആക്‌സെന്‍റ്6|60% - ആക്‌സെന്‍റ്1|60% - ആക്‌സെന്‍റ്2|60% - ആക്‌സെന്‍റ്3|60% - ആക്‌സെന്‍റ്4|60% - ആക്‌സെന്‍റ്5|60% - ആക്‌സെന്‍റ്6|ആക്‌സെന്‍റ്1|ആക്‌സെന്‍റ്2|ആക്‌സെന്‍റ്3|ആക്‌സെന്‍റ്4|ആക്‌സെന്‍റ്5|ആക്‌സെന്‍റ്6|മോശം|ഗണനം|കളം ചെക്ക്‌ചെയ്യുക|അല്പവിരാമം|അല്പവിരാമം [0]|നാണയം|നാണയം [0]|വിശദീകരണ പാഠം|നല്ലത്|തലക്കെട്ട് 1|തലക്കെട്ട് 2|തലക്കെട്ട് 3|തലക്കെട്ട് 4|ഇന്‍പുട്ട്|ലിങ്കുചെയ്‌ത കളം|ന്യൂട്രല്‍|Normal|കുറിപ്പ്|ഔട്ട്പുട്ട്|ശതമാനം|ശീര്‍ഷകം|മൊത്തം|മുന്നറിയിപ്പ് പാഠം
1101|20%-এচেণ্ট1|20%-একচেন্ট2|20%-একচেন্ট3|20%-একচেন্ট4|20%-একচেন্ট5|20%-একচেন্ট6|40%-একচেন্ট1|40%-একচেন্ট2|40%-একচেন্ট3|40%-একচেন্ট4|40%-একচেন্ট5|40%-একচেন্ট6|60%-একচেন্ট1|60%-একচেন্ট2|60%-একচেন্ট3|60%-একচেন্ট4|60%-একচেন্ট5|60%-একচেন্ট6|একচেন্ট1|একচেন্ট2|একচেন্ট3|একচেন্ট4|একচেন্ট5|একচেন্ট6|বেয়া|পৰিকলন|কোষ পৰীক্ষণ কৰক|ক'মা|ক'মা [0]|মুদ্ৰা|মুদ্ৰা [0]|বাখ্যামূলক পাঠ|ভাল|শীৰ্ষক 1|শীৰ্ষক 2|শীৰ্ষক 3|শীৰ্ষক 4|ইনপুট|লিংক কৰা কোষ|নিৰপেক্ষ|সাধাৰণ|টোকা|আউটপুট|শতাংশ|শীৰ্ষক|মুঠ|সকীয়নি পাঠ
1102|20% - उच्चारण1|20% - उच्चारण2|20% - उच्चारण3|20% - उच्चारण4|20% - उच्चारण5|20% - उच्चारण6|40% - उच्चारण1|40% - उच्चारण2|40% - उच्चारण3|40% - उच्चारण4|40% - उच्चारण5|40% - उच्चारण6|60% - उच्चारण1|60% - उच्चारण2|60% - उच्चारण3|60% - उच्चारण4|60% - उच्चारण5|60% - उच्चारण6|उच्चारण1|उच्चारण2|उच्चारण3|उच्चारण4|उच्चारण5|उच्चारण6|वाईट|गणना|कक्ष तपासा|स्वल्पविराम|स्वल्पविराम [0]|चलन|चलन [0]|स्पष्टीकरणात्मक मजकूर|चांगले|शीर्षलेख 1|शीर्षलेख 2|शीर्षलेख 3|शीर्षलेख 4|इनपुट|लिंक्ड कक्ष|तटस्थ|सामान्य|नोट|आउटपुट|टक्के|शीर्षक|एकूण|चेतावणी मजकूर
1104|20% - Онцлон тэмдэглэх1|20% - Онцлон тэмдэглэх2|20% - Онцлон тэмдэглэх3|20% - Онцлон тэмдэглэх4|20% - Онцлон тэмдэглэх5|20% - Онцлон тэмдэглэх6|40% - Онцлон тэмдэглэх1|40% - Онцлон тэмдэглэх2|40% - Онцлон тэмдэглэх3|40% - Онцлон тэмдэглэх4|40% - Онцлон тэмдэглэх5|40% - Онцлон тэмдэглэх6|60% - Онцлон тэмдэглэх1|60% - Онцлон тэмдэглэх2|60% - Онцлон тэмдэглэх3|60% - Онцлон тэмдэглэх4|60% - Онцлон тэмдэглэх5|60% - Онцлон тэмдэглэх6|Онцлон тэмдэглэх1|Онцлон тэмдэглэх2|Онцлон тэмдэглэх3|Онцлон тэмдэглэх4|Онцлон тэмдэглэх5|Онцлон тэмдэглэх6|Муу|Тооцоолол|Нүдийг чагтлах|Таслал|Таслал [0]|Валют|Валют [0]|Тайлбарласан бичвэр|Сайн|Гарчиг 1|Гарчиг 2|Гарчиг 3|Гарчиг 4|Оролт|Холбоостой нүд|Саармаг|Ердийн|Тэмдэглэл|Гаралт|Хувь|Гарчиг|Дүн|Анхааруулга
1106|20% - Pwyslais1|20% - Pwyslais2|20% - Pwyslais3|20% - Pwyslais4|20% - Pwyslais5|20% - Pwyslais6|40% - Pwyslais1|40% - Pwyslais2|40% - Pwyslais3|40% - Pwyslais4|40% - Pwyslais5|40% - Pwyslais6|60% - Pwyslais1|60% - Pwyslais2|60% - Pwyslais3|60% - Pwyslais4|60% - Pwyslais5|60% - Pwyslais6|Pwyslais1|Pwyslais2|Pwyslais3|Pwyslais4|Pwyslais5|Pwyslais6|Gwael|Cyfrifiad|Ticio Cell|Atalnod|Atalnod [0]|Math o Arian|Math o Arian [0]|Testun Esboniadol|Da|Pennawd 1|Pennawd 2|Pennawd 3|Pennawd 4|Mewnbwn|Cell â Dolen|Niwtral|Normal|Nodyn|Allbwn|Canran|Teitl|Cyfanswm|Testun Rhybudd
1107|20% - អេកស្សិន 1|20% - អេកស្សិន 2|20% - អេកស្សិន 3|20% - អេកស្សិន 4|20% - អេកស្សិន 5|20% - អេកស្សិន 6|40% - អេកស្សិន 1|40% - អេកស្សិន 2|40% - អេកស្សិន 3|40% - អេកស្សិន 4|40% - អេកស្សិន 5|40% - អេកស្សិន 6|60% - អេកស្សិន 1|60% - អេកស្សិន 2|60% - អេកស្សិន 3|60% - អេកស្សិន 4|60% - អេកស្សិន 5|60% - អេកស្សិន 6|អេកស្សិន 1|អេកស្សិន 2|អេកស្សិន 3|អេកស្សិន 4|អេកស្សិន 5|អេកស្សិន 6|អាក្រក់|ការគណនា|ត្រួតពិនិត្យក្រឡា|សញ្ញាក្បៀស|សញ្ញាក្បៀស [0]|រូបិយប័ណ្ណ|រូបិយប័ណ្ណ [0]|អត្ថបទពន្យល់|ល្អ|ចំណងជើង 1|ចំណងជើង 2|ចំណងជើង 3|ចំណងជើង 4|បញ្ចូលទិន្នន័យ|ក្រឡាដែលបានភ្ជាប់ជាមួយ|មធ្យម|ធម្មតា|កំណត់ចំណាំ|បញ្ចេញទិន្នន័យ|ភាគរយ|ចំណងជើង|សរុប|អត្ថបទព្រមាន
1110|20% - Énfase1|20% - Énfase2|20% - Énfase3|20% - Énfase4|20% - Énfase5|20% - Énfase6|40% - Énfase1|40% - Énfase2|40% - Énfase3|40% - Énfase4|40% - Énfase5|40% - Énfase6|60% - Énfase1|60% - Énfase2|60% - Énfase3|60% - Énfase4|60% - Énfase5|60% - Énfase6|Énfase1|Énfase2|Énfase3|Énfase4|Énfase5|Énfase6|Incorrecto|Cálculo|Cela de verificación|Coma|Separador de milleiros [0]|Moeda|Moeda [0]|Texto explicativo|Correcto|Título 1|Título 2|Título 3|Título 4|Entrada|Cela ligada|Neutro|Normal|Nota|Saída|Porcentaxe|Título|Total|Texto de aviso
1111|20% - एक्सण्ट1|20% - एक्सण्ट2|20% - एक्सण्ट3|20% - एक्सण्ट4|20% - एक्सण्ट5|20% - एक्सण्ट6|40% - एक्सण्ट1|40% - एक्सण्ट2|40% - एक्सण्ट3|40% - एक्सण्ट4|40% - एक्सण्ट5|40% - एक्सण्ट6|60% - एक्सण्ट1|60% - एक्सण्ट2|60% - एक्सण्ट3|60% - एक्सण्ट4|60% - एक्सण्ट5|60% - एक्सण्ट6|एक्सण्ट1|एक्सण्ट2|एक्सण्ट3|एक्सण्ट4|एक्सण्ट5|एक्सण्ट6|बॅड|गणना|सॅल तपासात|अल्पविराम|अल्पविराम [0]|चलन|चलन [0]|स्पश्टीकरणात्मक पाठ|सामके बरें|शीर्षक 1|शीर्षक 2|शीर्षक 3|शीर्षक 4|इनपूट|लींक केल्ले सॅल|न्यूट्रल|सामान्य|टिपण|आवटपूट|टक्केवारी|शीर्षक|बेरीज|चत्राय पाठ
1115|20% - විලාසය1|20% - විලාසය2|20% - විලාසය3|20% - විලාසය4|20% - විලාසය5|20% - විලාසය6|40% - විලාසය1|40% - විලාසය2|40% - විලාසය3|40% - විලාසය4|40% - විලාසය5|40% - විලාසය6|60% - විලාසය1|60% - විලාසය2|60% - විලාසය3|60% - විලාසය4|60% - විලාසය5|60% - විලාසය6|විලාසය1|විලාසය2|විලාසය3|විලාසය4|විලාසය5|විලාසය6|නරක|ගණනය කිරීම|කොටුව පරීක්ෂා කරන්න|කොමාව|කොමාව [0]|මුදල්|මුදල් [0]|පැහැදුම් පෙළ|හොඳයි|සිරස්තලය 1|සිරස්තලය 2|සිරස්තලය 3|සිරස්තලය 4|ආදානය|සබැඳුණු කොටු|උදාසීන|සාමාන්‍ය|සටහන|ප්‍රතිධානය|ප්‍රතිශතය|මාතෘකාව|එකතුව|අනතුරු ඇඟවීමේ පෙළ
1118|20% - ትእምርት1|20% - ትእምርት2|20% - ትእምርት3|20% - ትእምርት4|20% - ትእምርት5|20% - ትእምርት6|40% - ትእምርት1|40% - ትእምርት2|40% - ትእምርት3|40% - ትእምርት4|40% - ትእምርት5|40% - ትእምርት6|60% - ትእምርት1|60% - ትእምርት2|60% - ትእምርት3|60% - ትእምርት4|60% - ትእምርት5|60% - ትእምርት6|ትእምርት1|ትእምርት2|ትእምርት3|ትእምርት4|ትእምርት5|ትእምርት6|መጥፎ|ስሌት|ሕዋስ አመሳክር|ነጠላ ሠረዝ|ነጠላ ሰረዝ [0]|ምንዛሪ|ምንዛሪ [0]|የማብራሪያ ጽሁፍ|መልካም|ርእስ 1|ርእስ 2|ርእስ 3|ርእስ 4|ግቤት|የተያያዘ ሕዋስ|ግዑዝ|መደበኛ|ማስታወሻ|ውጤት|ከመቶኛዉ|ርእስ|ድምር|የማስጠንቀቂያ ጽሁፍ
1121|20% - बलाघात1|20% - बलाघात2|20% - बलाघात3|20% - बलाघात4|20% - बलाघात5|20% - बलाघात6|40% - बलाघात1|40% - बलाघात2|40% - बलाघात3|40% - बलाघात4|40% - बलाघात5|40% - बलाघात6|60% - बलाघात1|60% - बलाघात2|60% - बलाघात3|60% - बलाघात4|60% - बलाघात5|60% - बलाघात6|बलाघात1|बलाघात2|बलाघात3|बलाघात4|बलाघात5|बलाघात6|खराब|हिसाब|कक्ष जाँच गर्नुहोस्|अल्पविराम|अल्पविराम [0]|मुद्रा|मुद्रा [0]|द्योतक पाठ|राम्रो|शीर्षक 1|शीर्षक 2|शीर्षक 3|शीर्षक 4|आगत|लिङक गरिएको कक्ष|तटस्थ|साधारण|द्रष्टव्य|प्रतिफल|प्रतिशत|शीर्षक|जम्मा|चेतावनी पाठ
1124|20% - Tuldik1|20% - Tuldik2|20% - Tuldik3|20% - Tuldik4|20% - Tuldik5|20% - Tuldik6|40% - Tuldik1|40% - Tuldik2|40% - Tuldik3|40% - Tuldik4|40% - Tuldik5|40% - Tuldik6|60% - Tuldik1|60% - Tuldik2|60% - Tuldik3|60% - Tuldik4|60% - Tuldik5|60% - Tuldik6|Tuldik1|Tuldik2|Tuldik3|Tuldik4|Tuldik5|Tuldik6|Masama|Kalkulasyon|Sumuri ng Cell|Kuwit|Kuwit [0]|Salapi|Salaping Umiiral [0]|Paliwanag na Teksto|Mabuti|Ulunan 1|Ulunan 2|Ulunan 3|Ulunan 4|Input|Nakalink na Cell|Neutral|Normal|Tala|Output|Bahagdan|Pamagat|Kabuuan|Babalang Teksto
1134|20% - Akzent1|20% - Akzent2|20% - Akzent3|20% - Akzent4|20% - Akzent5|20% - Akzent6|40% - Akzent1|40% - Akzent2|40% - Akzent3|40% - Akzent4|40% - Akzent5|40% - Akzent6|60% - Akzent1|60% - Akzent2|60% - Akzent3|60% - Akzent4|60% - Akzent5|60% - Akzent6|Accent1|Accent2|Accent3|Accent4|Accent5|Accent6|Schlecht|Berechnung|Checkzell|Komma|Komma [0]|Währung|Währung [0]|Erklärungstext|Gutt|Iwwerschrëft 1|Iwwerschrëft 2|Iwwerschrëft 3|Iwwerschrëft 4|Input|Verknëppten Zell|Neutral|Normal|Notiz|Output|Prozent|Titel|Total|Warnung Text
1152|20% - بوياق1|20% - تېما2|20% - تېما3|20% - تېما4|20% - تېما5|20% - تېما6|40% - قېنىق1|40% - قېنىق2|40% - قېنىق3|40% - قېنىق4|40% - قېنىق5|40% - بوياق6|60% - تېما1|60% - تېما2|60% - تېما3|60% - تېما4|60% - تېما5|60% - تېما6|تېما1|تېما2|تېما3|تېما4|تېما5|تېما6|ناچار|ھېساپلاش|سېكسىيەنى تەكشۈرۈش|پەش|پەش[0]|پۇل|پۇل [0]|چۈشەندۈرۈش تېكىستى|ياخشى|تېما 1|تېما 2|تېما 3|تېما 4|كىرگۈزۈش|سېكسىيەگە ئۇلاش|نېترال|نورمال|ئىزاھلار|چىقىرىش|پىرسەنت بەلگىسى|ماۋزۇ|خۇلاسىلىمەك|ئەسكەرتىش تىكىستى
1153|20% - Nako1|20% - Nako2|20% - Nako3|20% - Nako4|20% - Nako5|20% - Nako6|40% - Nako1|40% - Nako2|40% - Nako3|40% - Nako4|40% - Nako5|40% - Nako6|60% - Nako1|60% - Nako2|60% - Nako3|60% - Nako4|60% - Nako5|60% - Nako6|Nako1|Nako2|Nako3|Nako4|Nako5|Nako6|Kino|Tataitai|Tiro Pūtau|Piko|Piko [0]|Moni|Moni [0]|Kuputuhi Whakamārama|Pai|Pane 1|Pane 2|Pane 3|Pane 4|Tāuru|Pūtau Hono|Kūpapa|Pūnoa|Tuhipoka|Tāputa|Ōrau|Taitara|Tapeke|Kuputuhi Whakatūpato
1164|20% - اکسان 1|20% - اکسان 2|20% - اکسان 3|20% - اکسان 4|20% - اکسان 5|20% - اکسان 6|40% - اکسان 1|40% - اکسان 2|40% - اکسان 3|40% - اکسان 4|40% - اکسان 5|40% - اکسان 6|60% - اکسان 1|60% - اکسان 2|60% - اکسان 3|60% - اکسان 4|60% - اکسان 5|60% - اکسان 6|اکسان 1|اکسان 2|اکسان 3|اکسان 4|اکسان 5|اکسان 6|بد|محاسبه|سلول را بررسی نمایید|کامه|کامه [0]|پول|واحد پول [0]|متن تشریحی|خوب|سرخط 1|سرخط 2|سرخط 3|سرخط 4|ورودی|سلول پیوند شده|خنثی|نورمال|یادداشت|تولید|فیصد|عنوان|مجموع|نوشته اخطار
1169|20% - Cuideam1|20% - Cuideam2|20% - Cuideam3|20% - Cuideam4|20% - Cuideam5|20% - Cuideam6|40% - Cuideam1|40% - Cuideam2|40% - Cuideam3|40% - Cuideam4|40% - Cuideam5|40% - Cuideam6|60% - Cuideam1|60% - Cuideam2|60% - Cuideam3|60% - Cuideam4|60% - Cuideam5|60% - Cuideam6|Cuideam1|Cuideam2|Cuideam3|Cuideam4|Cuideam5|Cuideam6|Dona|Àireamhachadh|Sgrùd an cealla|Cromag|Cromag [0]|Airgeadra|Airgeadra [0]|Teacsa mìneachaidh|Math|Ceann-sgrìobhadh 1|Ceann-sgrìobhadh 2|Ceann-sgrìobhadh 3|Ceann-sgrìobhadh 4|Ion-chur|Cealla ceangailte|Neodrach|Àbhaisteach|An aire|Às-chur|Ceudad|Tiotal|Iomlan|Teacsa an rabhaidh
2051|20% - Èmfasi1|20% - Èmfasi2|20% - Èmfasi3|20% - Èmfasi4|20% - Èmfasi5|20% - Èmfasi6|40% - Èmfasi1|40% - Èmfasi2|40% - Èmfasi3|40% - Èmfasi4|40% - Èmfasi5|40% - Èmfasi6|60% - Èmfasi1|60% - Èmfasi2|60% - Èmfasi3|60% - Èmfasi4|60% - Èmfasi5|60% - Èmfasi6|Èmfasi1|Èmfasi2|Èmfasi3|Èmfasi4|Èmfasi5|Èmfasi6|Incorrecte|Càlcul|Cel·la de comprovació|Coma|Coma [0]|Moneda|Moneda [0]|Text explicatiu|Bé|Títol 1|Títol 2|Títol 3|Títol 4|Entrada|Cel·la enllaçada|Neutral|Normal|Nota|Resultat|Percentatge|Títol|Total|Text d'advertència
2052|20% - 着色 1|20% - 着色 2|20% - 着色 3|20% - 着色 4|20% - 着色 5|20% - 着色 6|40% - 着色 1|40% - 着色 2|40% - 着色 3|40% - 着色 4|40% - 着色 5|40% - 着色 6|60% - 着色 1|60% - 着色 2|60% - 着色 3|60% - 着色 4|60% - 着色 5|60% - 着色 6|着色 1|着色 2|着色 3|着色 4|着色 5|着色 6|差|计算|检查单元格|千位分隔|千位分隔[0]|货币|货币[0]|解释性文本|好|标题 1|标题 2|标题 3|标题 4|输入|链接单元格|适中|常规|注释|输出|百分比|标题|汇总|警告文本
2057|20% - Accent1|20% - Accent2|20% - Accent3|20% - Accent4|20% - Accent5|20% - Accent6|40% - Accent1|40% - Accent2|40% - Accent3|40% - Accent4|40% - Accent5|40% - Accent6|60% - Accent1|60% - Accent2|60% - Accent3|60% - Accent4|60% - Accent5|60% - Accent6|Accent1|Accent2|Accent3|Accent4|Accent5|Accent6|Bad|Calculation|Check Cell|Comma|Comma [0]|Currency|Currency [0]|Explanatory Text|Good|Heading 1|Heading 2|Heading 3|Heading 4|Input|Linked Cell|Neutral|Normal|Note|Output|Per cent|Title|Total|Warning Text
2058|20% - Énfasis1|20% - Énfasis2|20% - Énfasis3|20% - Énfasis4|20% - Énfasis5|20% - Énfasis6|40% - Énfasis1|40% - Énfasis2|40% - Énfasis3|40% - Énfasis4|40% - Énfasis5|40% - Énfasis6|60% - Énfasis1|60% - Énfasis2|60% - Énfasis3|60% - Énfasis4|60% - Énfasis5|60% - Énfasis6|Énfasis1|Énfasis2|Énfasis3|Énfasis4|Énfasis5|Énfasis6|Incorrecto|Cálculo|Celda de comprobación|Millares|Millares [0]|Moneda|Moneda [0]|Texto explicativo|Bueno|Encabezado 1|Título 2|Título 3|Encabezado 4|Entrada|Celda vinculada|Neutral|Normal|Notas|Salida|Porcentaje|Título|Total|Texto de advertencia
2068|20 % – uthevingsfarge 1|20 % – uthevingsfarge 2|20 % – uthevingsfarge 3|20 % – uthevingsfarge 4|20 % – uthevingsfarge 5|20 % – uthevingsfarge 6|40 % – uthevingsfarge 1|40 % – uthevingsfarge 2|40 % – uthevingsfarge 3|40 % – uthevingsfarge 4|40 % – uthevingsfarge 5|40 % – uthevingsfarge 6|60 % – uthevingsfarge 1|60 % – uthevingsfarge 2|60 % – uthevingsfarge 3|60 % – uthevingsfarge 4|60 % – uthevingsfarge 5|60 % – uthevingsfarge 6|Uthevingsfarge 1|Uthevingsfarge 2|Uthevingsfarge 3|Uthevingsfarge 4|Uthevingsfarge 5|Uthevingsfarge 6|Dårleg|Utrekning|Kontrollcelle|Tusenskilje|Tusenskilje [0]|Valuta|Valuta [0]|Forklarande tekst|God|Overskrift 1|Overskrift 2|Overskrift 3|Overskrift 4|Inndata|Kopla celle|Nøytral|Normal|Merknad|Utdata|Prosent|Tittel|Totalt|Varseltekst
2070|20% - Cor1|20% - Cor2|20% - Cor3|20% - Cor4|20% - Cor5|20% - Cor6|40% - Cor1|40% - Cor2|40% - Cor3|40% - Cor4|40% - Cor5|40% - Cor6|60% - Cor1|60% - Cor2|60% - Cor3|60% - Cor4|60% - Cor5|60% - Cor6|Cor1|Cor2|Cor3|Cor4|Cor5|Cor6|Incorreto|Cálculo|Verificar Célula|Vírgula|Separador de milhares [0]|Moeda|Moeda [0]|Texto Explicativo|Correto|Cabeçalho 1|Cabeçalho 2|Cabeçalho 3|Cabeçalho 4|Entrada|Célula Ligada|Neutro|Normal|Nota|Saída|Percentagem|Título|Total|Texto de Aviso
2108|20% - Aiceann1|20% - Aiceann2|20% - Aiceann3|20% - Aiceann4|20% - Aiceann5|20% - Aiceann6|40% - Aiceann1|40% - Aiceann2|40% - Aiceann3|40% - Aiceann4|40% - Aiceann5|40% - Aiceann6|60% - Aiceann1|60% - Aiceann2|60% - Aiceann3|60% - Aiceann4|60% - Aiceann5|60% - Aiceann6|Aiceann1|Aiceann2|Aiceann3|Aiceann4|Aiceann5|Aiceann6|Dona|Ríomh|Seiceáil Cill|Camóg|Camóg [0]|Airgeadra|Airgeadra [0]|Téacs mínithe|Go maith|Ceannteideal 1|Ceannteideal 2|Ceannteideal 3|Ceannteideal 4|Ionchur|Cill nasctha|Neodrach|Normal|Nóta|Aschur|Faoin gcéad|Teideal|Iomlán|Téacs rabhaidh
2117|২০% - ভঙ্গি ১|২০% - ভঙ্গি ২|২০% - ভঙ্গি ৩|২০% - ভঙ্গি ৪|২০% - ভঙ্গি ৫|২০% - ভঙ্গি ৬|৪০% - ভঙ্গি ১|৪০% - ভঙ্গি ২|৪০% - ভঙ্গি ৩|৪০% - ভঙ্গি ৪|৪০% - ভঙ্গি ৫|৪০% - ভঙ্গি ৬|৬০% - ভঙ্গি ১|৬০% - ভঙ্গি ২|৬০% - ভঙ্গি ৩|৬০% - ভঙ্গি ৪|৬০% - ভঙ্গি ৫|৬০% - ভঙ্গি ৬|ভঙ্গি ১|ভঙ্গি ২|ভঙ্গি ৩|ভঙ্গি ৪|ভঙ্গি ৫|ভঙ্গি ৬|খারাপ|গণনা|কক্ষ পরীক্ষা করুন|কমা|কমা [0]|মুদ্রা|মুদ্রা [0]|ব্যাখ্যামূলক পাঠ|ভালো|শিরোনাম ১|শিরোনাম ২|শিরোনাম ৩|শিরোনাম ৪|ইনপুট|সংযুক্ত কক্ষ|নিরপেক্ষ|সাধারণ|নোট|ফলাফল|শতাংশ|শিরোনাম|মোট|সতর্ককরণ পাঠ
2137|20% - اچار1|20% - اچار2|20% - اچار3|20% - اچار4|20% - اچار5|20% - اچار6|40% - اچار1|40% - اچار2|40% - اچار3|40% - اچار4|40% - اچار5|40% - اچار6|60% - اچار1|60% - اچار2|60% - اچار3|60% - اچار4|60% - اچار5|60% - اچار6|اچار1|اچار 2|اچار 3|اچار4|اچار5|اچار6|برو|حساب|سيل چيڪ ڪريو|ڪاما|ڪاما [0]|ڪرنسي|ڪرنسي[0]|وضاحت وارو متن|سٺو|ذيلي هيڊنگ 1|عنوان 2|عنوان 3|عنوان 4|انپٽ ڪريو|لنڪ ڪيل سيل|غير جانبدار|عام|نوٽ|نتيجو|سيڪڙو|عنوان|ڪل|خبردار ڪرڻ وارو متن
3082|20% - Énfasis1|20% - Énfasis2|20% - Énfasis3|20% - Énfasis4|20% - Énfasis5|20% - Énfasis6|40% - Énfasis1|40% - Énfasis2|40% - Énfasis3|40% - Énfasis4|40% - Énfasis5|40% - Énfasis6|60% - Énfasis1|60% - Énfasis2|60% - Énfasis3|60% - Énfasis4|60% - Énfasis5|60% - Énfasis6|Énfasis1|Énfasis2|Énfasis3|Énfasis4|Énfasis5|Énfasis6|Incorrecto|Cálculo|Celda de comprobación|Millares|Millares [0]|Moneda|Moneda [0]|Texto explicativo|Bueno|Encabezado 1|Título 2|Título 3|Encabezado 4|Entrada|Celda vinculada|Neutral|Normal|Notas|Salida|Porcentaje|Título|Total|Texto de advertencia
3084|20 % - Accent1|20 % - Accent2|20 % - Accent3|20 % - Accent4|20 % - Accent5|20 % - Accent6|40 % - Accent1|40 % - Accent2|40 % - Accent3|40 % - Accent4|40 % - Accent5|40 % - Accent6|60 % - Accent1|60 % - Accent2|60 % - Accent3|60 % - Accent4|60 % - Accent5|60 % - Accent6|Accent1|Accent2|Accent3|Accent4|Accent5|Accent6|Insatisfaisant|Calcul|Vérification|Milliers|Milliers [0]|Monétaire|Monétaire [0]|Texte explicatif|Satisfaisant|Titre 1|Titre 2|Titre 3|Titre 4|Entrée|Cellule liée|Neutre|Normal|Note|Sortie|Pourcentage|Titre|Total|Avertissement
3179|20% - Nipayasqa1|20% - Nipayasqa2|20% - Nipayasqa3|20% - Nipayasqa4|20% - Nipayasqa5|20% - Nipayasqa6|40% - Nipayasqa1|40% - Nipayasqa2|40% - Nipayasqa3|40% - Nipayasqa4|40% - Nipayasqa5|40% - Nipayasqa6|60% - Nipayasqa1|60% - Nipayasqa2|60% - Nipayasqa3|60% - Nipayasqa4|60% - Nipayasqa5|60% - Nipayasqa6|Nipayasqa1|Nipayasqa2|Nipayasqa3|Nipayasqa4|Nipayasqa5|Nipayasqa6|Mana allin|Tantiyaynin|Pukullu qawapayana|Taqaqch'iku|Taqaqch'iku [0]|Qullqi|Qullqi [0]|Yachachiq qillqasqa|Allin|Umachaynin 1|Umachaynin 2|Umachaynin 3|Umachaynin 4|Haykuna|Tinkisqa Pukullu|Pipahpas|Kaqlla|Yuyachiq|Lluqsina|Pachakchasqa|Titulu|Llapan|Willamuchkaq qillqasqa
5146|20% - Naglasak1|20% - Naglasak2|20% - Naglasak3|20% - Naglasak4|20% - Naglasak5|20% - Naglasak6|40% - Naglasak1|40% - Naglasak2|40% - Naglasak3|40% - Naglasak4|40% - Naglasak5|40% - Naglasak6|60% - Naglasak1|60% - Naglasak2|60% - Naglasak3|60% - Naglasak4|60% - Naglasak5|60% - Naglasak6|Naglasak1|Naglasak2|Naglasak3|Naglasak4|Naglasak5|Naglasak6|Loše|Računanje|Provjeri ćeliju|Zarez|Zarez [0]|Valuta|Valuta [0]|Tekst objašnjenja|Dobro|Naslov 1|Naslov 2|Naslov 3|Naslov 4|Unos|Povezana ćelija|Neutralno|Normalno|Bilješka|Izlaz|Procenat|Naslov|Ukupno|Tekst upozorenja
7194|20% - Нагласак1|20% - Нагласак2|20% - Нагласак3|20% - Нагласак4|20% - Нагласак5|20% - Нагласак6|40% - Нагласак1|40% - Нагласак2|40% - Нагласак3|40% - Нагласак4|40% - Нагласак5|40% - Нагласак6|60% - Нагласак1|60% - Нагласак2|60% - Нагласак3|60% - Нагласак4|60% - Нагласак5|60% - Нагласак6|Нагласак1|Нагласак2|Нагласак3|Нагласак4|Нагласак5|Нагласак6|Лоше|Рачунање|Провјери ћелију|Зарез|Зарез [0]|Валута|Валута [0]|Текст објашњења|Добро|Наслов 1|Наслов 2|Наслов 3|Наслов 4|Унос|Повезана ћелија|Неутрално|Нормално|Биљешка|Излаз|Проценат|Наслов|Укупно|Текст упозорења
9242|20% Akcenat1|20% Akcenat2|20% Akcenat3|20% Akcenat4|20% Akcenat5|20% Akcenat6|40% Akcenat1|40% Akcenat2|40% Akcenat3|40% Akcenat4|40% Akcenat5|40% Akcenat6|60% Akcenat1|60% Akcenat2|60% Akcenat3|60% Akcenat4|60% Akcenat5|60% Akcenat6|Akcenat1|Akcenat2|Akcenat3|Akcenat4|Akcenat5|Akcenat6|Loše|Izračunavanje|Ćelija za proveru|Zarez|Zarez [0]|Valuta|Valuta [0]|Tekst objašnjenja|Dobro|Naslov 1|Naslov 2|Naslov 3|Naslov 4|Unos|Povezana ćelija|Neutralno|Normalan|Beleška|Izlaz|Procenat|Naslov|Ukupno|Tekst upozorenja
10266|20% - Акценат1|20% - Акценат2|20% - Акценат3|20% - Акценат4|20% - Акценат5|20% - Акценат6|40% - Акценат1|40% - Акценат2|40% - Акценат3|40% - Акценат4|40% - Акценат5|40% - Акценат6|60% - Акценат1|60% - Акценат2|60% - Акценат3|60% - Акценат4|60% - Акценат5|60% - Акценат6|Акценат1|Акценат2|Акценат3|Акценат4|Акценат5|Акценат6|Лоше|Израчунавање|Ћелија за проверу|Зарез|Зарез [0]|Валута|Валута [0]|Текст објашњења|Добро|Наслов 1|Наслов 2|Наслов 3|Наслов 4|Унос|Повезана ћелија|Неутрално|Нормалан|Белешка|Излаз|Проценат|Наслов|Укупно|Текст упозорења